target,model_key,bin,mean_predicted_probability,observed_event_rate
formal_adverse_6m,lightgbm_medium_regularised,1,0.0006689075620305954,0.00011201553282055111
formal_adverse_6m,lightgbm_medium_regularised,2,0.001104109568795846,0.00020472554733977214
formal_adverse_6m,lightgbm_medium_regularised,3,0.0019110357087164704,0.00035680304471931494
formal_adverse_6m,lightgbm_medium_regularised,4,0.0022444321535203073,0.0005831133525077814
formal_adverse_6m,lightgbm_medium_regularised,5,0.002929937190223591,0.000863054782402313
formal_adverse_6m,lightgbm_medium_regularised,6,0.003737836645032991,0.0013207885596882287
formal_adverse_6m,lightgbm_medium_regularised,7,0.004803402140925374,0.001915846601497368
formal_adverse_6m,lightgbm_medium_regularised,8,0.005906160256584649,0.002987537196900504
formal_adverse_6m,lightgbm_medium_regularised,9,0.009553018999577695,0.004383594878637832
formal_adverse_6m,lightgbm_medium_regularised,10,0.05685573175499347,0.033338753289612354
formal_adverse_6m,xgboost_fixed_baseline,1,0.0005099471863754932,8.365540664893172e-05
formal_adverse_6m,xgboost_fixed_baseline,2,0.001234322457171639,0.00022555783004855876
formal_adverse_6m,xgboost_fixed_baseline,3,0.0017894169590028082,0.0003842766792090305
formal_adverse_6m,xgboost_fixed_baseline,4,0.0022587208177733595,0.000603811212054066
formal_adverse_6m,xgboost_fixed_baseline,5,0.002996782260406204,0.0008904760586514594
formal_adverse_6m,xgboost_fixed_baseline,6,0.003713309030875352,0.001302611011405083
formal_adverse_6m,xgboost_fixed_baseline,7,0.004635448084678238,0.0017962996227770792
formal_adverse_6m,xgboost_fixed_baseline,8,0.0059023073970253075,0.002990780301326737
formal_adverse_6m,xgboost_fixed_baseline,9,0.009602922742376403,0.004380175562171857
formal_adverse_6m,xgboost_fixed_baseline,10,0.05606124265243568,0.032655828141983895
formal_adverse_6m,catboost_fixed_baseline,1,0.0006020984789279431,0.00013981320955203848
formal_adverse_6m,catboost_fixed_baseline,2,0.0010820124237854094,0.00018387423002666178
formal_adverse_6m,catboost_fixed_baseline,3,0.0017445215487955086,0.00031667282419380375
formal_adverse_6m,catboost_fixed_baseline,4,0.002155124100271315,0.0005642279480910288
formal_adverse_6m,catboost_fixed_baseline,5,0.0030875840340476622,0.001003439697941315
formal_adverse_6m,catboost_fixed_baseline,6,0.0039079165923413175,0.0012068885484844264
formal_adverse_6m,catboost_fixed_baseline,7,0.004995570967881535,0.00184973467362699
formal_adverse_6m,catboost_fixed_baseline,8,0.0071544906263685155,0.003050260319536483
formal_adverse_6m,catboost_fixed_baseline,9,0.011150229025055303,0.004706844122947723
formal_adverse_6m,catboost_fixed_baseline,10,0.05913143985166545,0.03522370423647724
formal_adverse_6m,lightgbm_fixed_baseline,1,0.0006779659567239338,0.000132858871561379
formal_adverse_6m,lightgbm_fixed_baseline,2,0.00148798824274761,0.00030399193309211696
formal_adverse_6m,lightgbm_fixed_baseline,3,0.0018037331117611035,0.0002958193163134034
formal_adverse_6m,lightgbm_fixed_baseline,4,0.002041465014312869,0.0006364022061943148
formal_adverse_6m,lightgbm_fixed_baseline,5,0.003084105881816801,0.0008867067556212949
formal_adverse_6m,lightgbm_fixed_baseline,6,0.0036610823390675995,0.0013788724089445275
formal_adverse_6m,lightgbm_fixed_baseline,7,0.004508393392466225,0.00193924873385442
formal_adverse_6m,lightgbm_fixed_baseline,8,0.005897896440770931,0.0031028041976947085
formal_adverse_6m,lightgbm_fixed_baseline,9,0.009778645182907391,0.004344731826031563
formal_adverse_6m,lightgbm_fixed_baseline,10,0.062227814224413446,0.036887635421892585
