alert_id,synthetic_loan_id,cohort,reporting_month,target,risk_score,trigger_threshold,alert_tier,top_shap_driver,top_shap_contribution,model_version,data_version,review_status,expert_decision,expert_comment,review_date,observed_outcome,lead_time_months
ALT-2025-0001,DEMO-000001,2008Q1,2025-06,formal_adverse_6m,0.782,0.391,Red,current_delinquency_status,0.421,calibrated_xgboost_v01,fannie_panel_v01,Reviewed,Priority follow-up,"Persistent delinquency requires immediate portfolio review",2025-06-03,90+ DPD,2.0
ALT-2025-0002,DEMO-000002,2020Q1,2025-06,formal_adverse_6m,0.641,0.391,Red,original_interest_rate,0.284,calibrated_xgboost_v01,fannie_panel_v01,In review,,,,Unobserved,
ALT-2025-0003,DEMO-000003,2022Q1,2025-06,formal_adverse_6m,0.578,0.391,Red,borrower_credit_score_at_origination,0.233,calibrated_xgboost_v01,fannie_panel_v01,Reviewed,Watchlist,"Low origination credit score and rising delinquency",2025-06-04,Unobserved,
ALT-2025-0004,DEMO-000004,2024Q1,2025-06,formal_adverse_6m,0.463,0.391,Red,debt_to_income_dti,0.198,calibrated_xgboost_v01,fannie_panel_v01,Reviewed,No immediate action,"Contextual review found no additional adverse servicing evidence",2025-06-05,No event,
ALT-2025-0005,DEMO-000005,2006Q3,2025-06,formal_adverse_6m,0.425,0.391,Red,current_interest_rate,0.174,calibrated_xgboost_v01,fannie_panel_v01,Pending,,,,Unobserved,
ALT-2025-0006,DEMO-000006,2012Q3,2025-06,early_deterioration_6m,0.296,0.118,Amber,current_delinquency_status,0.317,calibrated_xgboost_v01,fannie_panel_v01,Reviewed,Monitoring,"Add to monthly monitoring queue",2025-06-02,30+ DPD,3.0
ALT-2025-0007,DEMO-000007,2016Q1,2025-06,early_deterioration_6m,0.244,0.118,Amber,loan_age,0.191,calibrated_xgboost_v01,fannie_panel_v01,In review,,,,Unobserved,
ALT-2025-0008,DEMO-000008,2020Q3,2025-06,early_deterioration_6m,0.211,0.118,Amber,original_combined_loan_to_value_ratio_cltv,0.176,calibrated_xgboost_v01,fannie_panel_v01,Reviewed,Monitoring,"Monitor payment behaviour and collateral risk",2025-06-06,No event,
ALT-2025-0009,DEMO-000009,2022Q3,2025-06,early_deterioration_6m,0.187,0.118,Amber,original_interest_rate,0.159,calibrated_xgboost_v01,fannie_panel_v01,Pending,,,,Unobserved,
ALT-2025-0010,DEMO-000010,2024Q3,2025-06,early_deterioration_6m,0.151,0.118,Amber,debt_to_income_dti,0.143,calibrated_xgboost_v01,fannie_panel_v01,Reviewed,Watchlist,"Elevated debt burden requires follow-up",2025-06-07,30+ DPD,2.0
ALT-2025-0011,DEMO-000011,2008Q1,2025-07,formal_adverse_6m,0.713,0.391,Red,current_delinquency_status,0.403,calibrated_xgboost_v01,fannie_panel_v01,Reviewed,Priority follow-up,"Escalated after second consecutive missed payment",2025-07-03,90+ DPD,1.0
ALT-2025-0012,DEMO-000012,2012Q1,2025-07,formal_adverse_6m,0.518,0.391,Red,borrower_credit_score_at_origination,0.221,calibrated_xgboost_v01,fannie_panel_v01,Pending,,,,Unobserved,
ALT-2025-0013,DEMO-000013,2018Q3,2025-07,early_deterioration_6m,0.267,0.118,Amber,current_delinquency_status,0.299,calibrated_xgboost_v01,fannie_panel_v01,Reviewed,Monitoring,"Review scheduled for next servicing cycle",2025-07-04,30+ DPD,3.0
ALT-2025-0014,DEMO-000014,2020Q1,2025-07,early_deterioration_6m,0.193,0.118,Amber,loan_age,0.164,calibrated_xgboost_v01,fannie_panel_v01,In review,,,,Unobserved,
ALT-2025-0015,DEMO-000015,2024Q1,2025-07,early_deterioration_6m,0.139,0.118,Amber,property_state,0.121,calibrated_xgboost_v01,fannie_panel_v01,Reviewed,No immediate action,"No adverse trend observed after contextual review",2025-07-05,No event,
