target,train_share_pct,bin,mean_predicted_probability,observed_event_rate
formal_adverse_6m,1,1,0.0017917914675363818,0.0002431691573083385
formal_adverse_6m,1,2,0.003659925829885237,0.00039543405478079775
formal_adverse_6m,1,3,0.004021305780498913,0.0007056794124565485
formal_adverse_6m,1,4,0.004274324479891036,0.0009961888920368865
formal_adverse_6m,1,5,0.004957661595454278,0.001972752187901336
formal_adverse_6m,1,6,0.005331275714285009,0.0021590278206156314
formal_adverse_6m,1,7,0.005653512825214035,0.0031516692174003266
formal_adverse_6m,1,8,0.006268947099379897,0.003353705624076076
formal_adverse_6m,1,9,0.007771333845809646,0.004474177603545253
formal_adverse_6m,1,10,0.057884518118744954,0.03532622344254885
formal_adverse_6m,5,1,0.0017728484853670075,0.00016825305259109702
formal_adverse_6m,5,2,0.0030510628191392935,0.0003217404626934273
formal_adverse_6m,5,3,0.0036217586148524863,0.0006318687518335477
formal_adverse_6m,5,4,0.0037115067325569975,0.0010607265977194379
formal_adverse_6m,5,5,0.004498391059997249,0.0011458994429165785
formal_adverse_6m,5,6,0.004869379650531612,0.0019303839998045182
formal_adverse_6m,5,7,0.005454521049259904,0.002824054568022137
formal_adverse_6m,5,8,0.007152916318620788,0.00395411004678102
formal_adverse_6m,5,9,0.008860417051432304,0.004567245400362788
formal_adverse_6m,5,10,0.06621380042442375,0.036431526894742154
formal_adverse_6m,10,1,0.00128112639178056,0.0001506988659910334
formal_adverse_6m,10,2,0.001926786115500491,0.0003014065639651708
formal_adverse_6m,10,3,0.0032155057868922775,0.0005072119194801078
formal_adverse_6m,10,4,0.003953281735326585,0.0008479696426867918
formal_adverse_6m,10,5,0.005568632969575768,0.001550091093015531
formal_adverse_6m,10,6,0.005978169784276423,0.002981313969138314
formal_adverse_6m,10,7,0.006583656317973037,0.003970004411116012
formal_adverse_6m,10,8,0.009404636052884106,0.004891231245185194
formal_adverse_6m,10,9,0.09157410794311485,0.050153853608896855
formal_adverse_6m,25,1,0.0013511564067731638,0.00019163381515549717
formal_adverse_6m,25,2,0.0026693343224840774,0.00022556996697011198
formal_adverse_6m,25,3,0.0035775127326055462,0.0006094118279666257
formal_adverse_6m,25,4,0.004169717494579222,0.0010238626042440757
formal_adverse_6m,25,5,0.004543573316121271,0.001123482796669676
formal_adverse_6m,25,6,0.005215672906629033,0.0020601565718994645
formal_adverse_6m,25,7,0.005736671525652391,0.0025904513561270178
formal_adverse_6m,25,8,0.007075822531616175,0.004833089805552433
formal_adverse_6m,25,9,0.009802686595671854,0.005006022871266993
formal_adverse_6m,25,10,0.07285211512857948,0.040602786465737846
