feature,reference_issuance,stress_issuance,stress_rank,reference_rank,absolute_rank_change
current_loan_delinquency_status,3.5028048,4.7844896,1,1,0
original_interest_rate,0.76618385,0.5529146,2,2,0
loan_age,0.14646001,0.30459505,3,7,4
remaining_months_to_maturity,0.16001876,0.218145,4,4,0
borrower_credit_score_at_origination,0.25055423,0.2091289,5,3,2
modification_flag,0.1546984,0.15870525,6,5,1
number_of_borrowers,0.13997409,0.13495371,7,8,1
remaining_months_to_legal_maturity,0.15286353,0.12837337,8,6,2
property_state,0.11499122,0.11190815,9,9,0
current_interest_rate,0.10427721,0.099572256,10,10,0
original_combined_loan_to_value_ratio_cltv,0.09729088,0.092434175,11,11,0
current_actual_upb,0.0625682,0.08931157,12,16,4
debt_to_income_dti,0.088512935,0.08584878,13,12,1
loan_purpose,0.085317574,0.079274416,14,13,1
original_loan_to_value_ratio_ltv,0.07207679,0.07569626,15,15,0
co_borrower_credit_score_at_origination,0.07512538,0.05293004,16,14,2
original_upb,0.03711013,0.03858863,17,17,0
channel,0.025940107,0.030478282,18,18,0
original_loan_term,0.0124371555,0.012757082,19,21,2
property_type,0.015577127,0.011782233,20,20,0
first_time_home_buyer_indicator,0.008612694,0.010736183,21,22,1
occupancy_status,0.020652724,0.0075711855,22,19,3
mortgage_insurance_percentage,0.0022119007,0.003589728,23,23,0
number_of_units,0.00083372573,0.0012509957,24,24,0
amortization_type,0.0,0.0,25,25,0
